cf,capex[USD],pv_capacity[kW],wind_capacity[kW],el_capacity[kW],ug_capcaity[kgH2],pipe_storage_capacity[kgH2],bat_e_capacity[kWh],bat_p_capacity[kW],pv_cost[USD],wind_cost[USD],el_cost[USD],ug_storage_cost[USD],pipe_storage_cost[USD],bat_cost[USD],load[kg/s]
50.0,2602217752.707175,0.0,1091295.647977007,950686.5837869071,0.0,0.0,0.0,0.0,0.0,1587835167.8065453,1014382584.9006299,0.0,0.0,0.0,5.0
60.0,3140340440.240451,0.0,1312027.69021906,1142052.81978972,205335.1383837959,0.0,0.0,0.0,0.0,1909000289.2687323,1218570358.7156312,12770567.170427583,0.0,0.0,5.0
70.0,3677202011.983058,0.0,1529678.770936191,1330309.051954855,984642.1680500668,0.0,0.0,0.0,0.0,2225682611.712158,1419439758.4358304,32082570.38835281,0.0,0.0,5.0
80.0,4242289995.038918,0.0,1749156.478875055,1520145.216354649,2923198.929137989,0.0,0.0,0.0,0.0,2545022676.763205,1621994945.8504105,75269874.26521295,0.0,0.0,5.0
90.0,4848381042.946118,83104.95747855968,1933998.978734875,1680023.827813596,6537199.333124544,0.0,0.0,0.0,93301935.76117896,2813968514.059243,1792585424.277107,148528471.15965196,0.0,0.0,5.0
100.0,5455943192.777991,4.964307664100446e-10,2188285.145214857,1899967.397289609,13833979.28673603,0.0,0.0,0.0,5.573428214485572e-07,3183954886.287617,2027265212.9080129,244705618.05901375,0.0,0.0,5.0
